_id,table_number,project_name,project_url,challenges,challenges_won
ObjectId(5be8531e5e0ea41038a4f167),P1,Awareable t-shirt: Women in STEM git coding,https://technica2018.devpost.com/submissions/105815-awareable-t-shirt-women-in-stem-git-coding,"[{""company"":""General Dynamics"",""challenge_name"":""Microservices !Monolith"",""won"":true},{""company"":""Technica"",""challenge_name"":""Best \""Light the Way\"" Hack"",""won"":false},{""company"":""Ebay"",""challenge_name"":""Best Use of a Data Set"",""won"":false},{""company"":""Qualtrics"",""challenge_name"":""Best use of Data Visualization"",""won"":false},{""company"":""Nextdoor"",""challenge_name"":""Best Hack for Community Building"",""won"":false},{""company"":""JP Morgan Chase"",""challenge_name"":""Best Hack for Social Good"",""won"":false},{""company"":""MLH"",""challenge_name"":""Best Social Good Hack"",""won"":false},{""company"":""Facebook"",""challenge_name"":""Best Overall Hack"",""won"":false},{""company"":""Technica"",""challenge_name"":""Best First Time Hack"",""won"":false}]","[""GeneralDynamics_challenge20181111055938""]"
ObjectId(5be8531e5e0ea41038a4f168),H1,Recyclicat,https://technica2018.devpost.com/submissions/105953-recyclicat,"[{""company"":""Brightspot"",""challenge_name"":""Best Accessibility Hack"",""won"":false},{""company"":""Altamira"",""challenge_name"":""Best Computer Vision / AI System"",""won"":false},{""company"":""Technica"",""challenge_name"":""Best \""Light the Way\"" Hack"",""won"":false},{""company"":""MLH"",""challenge_name"":""Best use of Google Cloud Platform"",""won"":true},{""company"":""Ebay"",""challenge_name"":""Best Use of a Data Set"",""won"":false},{""company"":""Qualtrics"",""challenge_name"":""Best use of Data Visualization"",""won"":false},{""company"":""Booz Allen Hamilton"",""challenge_name"":""Best use of Machine Learning"",""won"":true},{""company"":""Nextdoor"",""challenge_name"":""Best Hack for Community Building"",""won"":false},{""company"":""MLH"",""challenge_name"":""Best Social Good Hack"",""won"":false},{""company"":""Facebook"",""challenge_name"":""Best Overall Hack"",""won"":false},{""company"":""Technica"",""challenge_name"":""Best First Time Hack"",""won"":false}]","[""BoozAllenHamilton_challenge20181111055811"",""MLH_challenge20181111060524""]"
ObjectId(5be8531e5e0ea41038a4f169),G3,The-Exploit-2,https://technica2018.devpost.com/submissions/105963-the-exploit-2,"[{""company"":""MicroStrategy"",""challenge_name"":""Best use of MicroStrategy"",""won"":false},{""company"":""Capital One"",""challenge_name"":""Best Financial Hack"",""won"":false},{""company"":""Technica"",""challenge_name"":""Best \""Light the Way\"" Hack"",""won"":false},{""company"":""Qualtrics"",""challenge_name"":""Best use of Data Visualization"",""won"":true},{""company"":""Booz Allen Hamilton"",""challenge_name"":""Best use of Machine Learning"",""won"":false},{""company"":""JP Morgan Chase"",""challenge_name"":""Best Hack for Social Good"",""won"":false},{""company"":""Facebook"",""challenge_name"":""Best Overall Hack"",""won"":false}]","[""Qualtrics_challenge20181111055908""]"
ObjectId(5be8531e5e0ea41038a4f16a),C3,Home Away from Home,https://technica2018.devpost.com/submissions/106019-home-away-from-home,"[{""company"":""TripAdvisor"",""challenge_name"":""Best Travel Hack"",""won"":false},{""company"":""Nextdoor"",""challenge_name"":""Best Hack for Community Building"",""won"":false},{""company"":""Facebook"",""challenge_name"":""Best Overall Hack"",""won"":false},{""company"":""Technica"",""challenge_name"":""Best First Time Hack"",""won"":false}]",[]
ObjectId(5be8531e5e0ea41038a4f16b),B1,Two Cents,https://technica2018.devpost.com/submissions/106076-two-cents,"[{""company"":""Fannie Mae"",""challenge_name"":""Solutions in the Palm of your Hand"",""won"":false},{""company"":""Altamira"",""challenge_name"":""Best Computer Vision / AI System"",""won"":false},{""company"":""Technica"",""challenge_name"":""Best \""Light the Way\"" Hack"",""won"":false},{""company"":""Visionist"",""challenge_name"":""Health Matters"",""won"":false},{""company"":""JP Morgan Chase"",""challenge_name"":""Best Hack for Social Good"",""won"":false},{""company"":""MLH"",""challenge_name"":""Best Social Good Hack"",""won"":false},{""company"":""Facebook"",""challenge_name"":""Best Overall Hack"",""won"":false},{""company"":""Technica"",""challenge_name"":""Best First Time Hack"",""won"":false}]",[]
ObjectId(5be8531e5e0ea41038a4f16c),V1,Destroying the Patriarchy!,https://technica2018.devpost.com/submissions/106083-destroying-the-patriarchy,"[{""challenge_name"":""Best Hack for Social Good"",""company"":""JP Morgan Chase"",""won"":false},{""challenge_name"":""Best Overall Hack"",""company"":""Facebook"",""won"":false},{""challenge_name"":""Best First Time Hack"",""company"":""Technica"",""won"":false},{""challenge_name"":""Best \""Light the Way\"" Hack"",""company"":""Technica"",""won"":false},{""challenge_name"":""Best Social Good Hack"",""company"":""MLH"",""won"":false}]",[]
ObjectId(5be8531e5e0ea41038a4f16d),A1,WISearch,https://technica2018.devpost.com/submissions/105730-wisearch,"[{""company"":""Capital One"",""challenge_name"":""Best Financial Hack"",""won"":false},{""company"":""Altamira"",""challenge_name"":""Best Computer Vision / AI System"",""won"":false},{""company"":""Technica"",""challenge_name"":""Best \""Light the Way\"" Hack"",""won"":false},{""company"":""Ebay"",""challenge_name"":""Best Use of a Data Set"",""won"":true},{""company"":""Booz Allen Hamilton"",""challenge_name"":""Best use of Machine Learning"",""won"":true},{""company"":""MLH"",""challenge_name"":""Best Social Good Hack"",""won"":false},{""company"":""AWS"",""challenge_name"":""Best AWS Hack"",""won"":false},{""company"":""Facebook"",""challenge_name"":""Best Overall Hack"",""won"":false},{""company"":""FINRA"",""challenge_name"":""Best Money Management Hack"",""won"":false}]","[""BoozAllenHamilton_challenge20181111055811"",""Ebay_challenge20181111055659""]"
ObjectId(5be8531e5e0ea41038a4f16e),B4,women emPOWERed,https://technica2018.devpost.com/submissions/105731-women-empowered,"[{""company"":""Technica"",""challenge_name"":""Best \""Light the Way\"" Hack"",""won"":false},{""company"":""JP Morgan Chase"",""challenge_name"":""Best Hack for Social Good"",""won"":false},{""company"":""MLH"",""challenge_name"":""Best Social Good Hack"",""won"":false},{""company"":""Facebook"",""challenge_name"":""Best Overall Hack"",""won"":false},{""company"":""Technica"",""challenge_name"":""Best First Time Hack"",""won"":false}]",[]
ObjectId(5be8531e5e0ea41038a4f16f),A2,Opioid Prescription Info-graphic,https://technica2018.devpost.com/submissions/105762-opioid-prescription-info-graphic,"[{""company"":""Ebay"",""challenge_name"":""Best Use of a Data Set"",""won"":false},{""company"":""Qualtrics"",""challenge_name"":""Best use of Data Visualization"",""won"":false},{""company"":""Visionist"",""challenge_name"":""Health Matters"",""won"":false}]",[]
ObjectId(5be8531e5e0ea41038a4f170),A3,MentorMe,https://technica2018.devpost.com/submissions/105771-mentorme,"[{""company"":""MicroStrategy"",""challenge_name"":""Secure your hack with Usher API"",""won"":false},{""company"":""MicroStrategy"",""challenge_name"":""Best use of MicroStrategy"",""won"":false},{""company"":""Brightspot"",""challenge_name"":""Best Accessibility Hack"",""won"":false},{""company"":""Technica"",""challenge_name"":""Best \""Light the Way\"" Hack"",""won"":false},{""company"":""MLH"",""challenge_name"":""Best use of HERE.com"",""won"":false},{""company"":""Nextdoor"",""challenge_name"":""Best Hack for Community Building"",""won"":false},{""company"":""JP Morgan Chase"",""challenge_name"":""Best Hack for Social Good"",""won"":false},{""company"":""Facebook"",""challenge_name"":""Best Overall Hack"",""won"":false},{""company"":""Technica"",""challenge_name"":""Best First Time Hack"",""won"":false}]",[]
ObjectId(5be8531e5e0ea41038a4f171),A4,Money Simply,https://technica2018.devpost.com/submissions/105774-money-simply,"[{""company"":""Fannie Mae"",""challenge_name"":""Solutions in the Palm of your Hand"",""won"":false},{""company"":""Brightspot"",""challenge_name"":""Best Accessibility Hack"",""won"":false},{""company"":""Capital One"",""challenge_name"":""Best Financial Hack"",""won"":false},{""company"":""Technica"",""challenge_name"":""Best \""Light the Way\"" Hack"",""won"":false},{""company"":""JP Morgan Chase"",""challenge_name"":""Best Hack for Social Good"",""won"":false},{""company"":""MLH"",""challenge_name"":""Best Social Good Hack"",""won"":false},{""company"":""Facebook"",""challenge_name"":""Best Overall Hack"",""won"":false},{""company"":""FINRA"",""challenge_name"":""Best Money Management Hack"",""won"":false},{""company"":""Technica"",""challenge_name"":""Best First Time Hack"",""won"":false}]",[]
ObjectId(5be8531e5e0ea41038a4f172),B5,InstaCard,https://technica2018.devpost.com/submissions/105777-instacard,"[{""company"":""Technica"",""challenge_name"":""Best \""Light the Way\"" Hack"",""won"":false},{""company"":""JP Morgan Chase"",""challenge_name"":""Best Hack for Social Good"",""won"":false},{""company"":""MLH"",""challenge_name"":""Best Domain Registered with Domain.com"",""won"":false},{""company"":""MLH"",""challenge_name"":""Best Social Good Hack"",""won"":false},{""company"":""Facebook"",""challenge_name"":""Best Overall Hack"",""won"":false}]",[]
ObjectId(5be8531e5e0ea41038a4f173),C1,'Crunch'ing the Numbers for College Fitness,https://technica2018.devpost.com/submissions/105782-crunch-ing-the-numbers-for-college-fitness,"[{""company"":""Qualtrics"",""challenge_name"":""Best use of Data Visualization"",""won"":false},{""company"":""Technica"",""challenge_name"":""Best First Time Hack"",""won"":false}]",[]
ObjectId(5be8531e5e0ea41038a4f174),C2,PosiTech,https://technica2018.devpost.com/submissions/105790-positech,"[{""company"":""Technica"",""challenge_name"":""Best \""Light the Way\"" Hack"",""won"":false},{""company"":""JP Morgan Chase"",""challenge_name"":""Best Hack for Social Good"",""won"":false},{""company"":""MLH"",""challenge_name"":""Best Social Good Hack"",""won"":false},{""company"":""Facebook"",""challenge_name"":""Best Overall Hack"",""won"":false},{""company"":""Technica"",""challenge_name"":""Best First Time Hack"",""won"":false}]",[]
ObjectId(5be8531e5e0ea41038a4f175),C4,I.P.A. Chart,https://technica2018.devpost.com/submissions/105901-i-p-a-chart,"[{""company"":""Brightspot"",""challenge_name"":""Best Accessibility Hack"",""won"":false},{""company"":""Technica"",""challenge_name"":""Best \""Light the Way\"" Hack"",""won"":false},{""company"":""AWS"",""challenge_name"":""Best AWS Hack"",""won"":true}]","[""AWS_challenge20181111060642""]"
ObjectId(5be8531e5e0ea41038a4f176),C5,GotBanks?,https://technica2018.devpost.com/submissions/105943-gotbanks,"[{""company"":""Fannie Mae"",""challenge_name"":""Solutions in the Palm of your Hand"",""won"":false},{""company"":""Capital One"",""challenge_name"":""Best Financial Hack"",""won"":false},{""company"":""TripAdvisor"",""challenge_name"":""Best Travel Hack"",""won"":false},{""company"":""Technica"",""challenge_name"":""Best \""Light the Way\"" Hack"",""won"":false},{""company"":""Facebook"",""challenge_name"":""Best Overall Hack"",""won"":false},{""company"":""FINRA"",""challenge_name"":""Best Money Management Hack"",""won"":false}]",[]
ObjectId(5be8531e5e0ea41038a4f177),D1,CS-Info,https://technica2018.devpost.com/submissions/105945-cs-info,"[{""company"":""MicroStrategy"",""challenge_name"":""Best use of MicroStrategy"",""won"":true}]","[""MicroStrategy_challenge20181111060237""]"
ObjectId(5be8531e5e0ea41038a4f178),D2,Nopioids,https://technica2018.devpost.com/submissions/105960-nopioids,"[{""company"":""MicroStrategy"",""challenge_name"":""Secure your hack with Usher API"",""won"":false},{""company"":""MicroStrategy"",""challenge_name"":""Best use of MicroStrategy"",""won"":true},{""company"":""Ebay"",""challenge_name"":""Best Use of a Data Set"",""won"":false},{""company"":""Qualtrics"",""challenge_name"":""Best use of Data Visualization"",""won"":false},{""company"":""Visionist"",""challenge_name"":""Health Matters"",""won"":true},{""company"":""MLH"",""challenge_name"":""Best Domain Registered with Domain.com"",""won"":false},{""company"":""Technica"",""challenge_name"":""Best First Time Hack"",""won"":false}]","[""Visionist_challenge20181111055735"",""MicroStrategy_challenge20181111060237""]"
ObjectId(5be8531e5e0ea41038a4f179),D3,Pill Buddy,https://technica2018.devpost.com/submissions/105976-pill-buddy,"[{""company"":""Brightspot"",""challenge_name"":""Best Accessibility Hack"",""won"":false},{""company"":""TripAdvisor"",""challenge_name"":""Best Travel Hack"",""won"":false},{""company"":""Technica"",""challenge_name"":""Best \""Light the Way\"" Hack"",""won"":false},{""company"":""Ebay"",""challenge_name"":""Best Use of a Data Set"",""won"":false},{""company"":""Visionist"",""challenge_name"":""Health Matters"",""won"":false},{""company"":""MLH"",""challenge_name"":""Best Social Good Hack"",""won"":false},{""company"":""Facebook"",""challenge_name"":""Best Overall Hack"",""won"":true},{""company"":""Technica"",""challenge_name"":""Best First Time Hack"",""won"":false}]","[""Facebook_challenge20181111055826""]"
ObjectId(5be8531e5e0ea41038a4f17a),D4,Tiny Hack,https://technica2018.devpost.com/submissions/105981-tiny-hack,"[{""company"":""Brightspot"",""challenge_name"":""Best Accessibility Hack"",""won"":false},{""company"":""Technica"",""challenge_name"":""Best \""Light the Way\"" Hack"",""won"":false},{""company"":""MLH"",""challenge_name"":""Best use of Google Cloud Platform"",""won"":false},{""company"":""Ebay"",""challenge_name"":""Best Use of a Data Set"",""won"":false},{""company"":""Qualtrics"",""challenge_name"":""Best use of Data Visualization"",""won"":false},{""company"":""Nextdoor"",""challenge_name"":""Best Hack for Community Building"",""won"":false},{""company"":""JP Morgan Chase"",""challenge_name"":""Best Hack for Social Good"",""won"":false},{""company"":""MLH"",""challenge_name"":""Best Social Good Hack"",""won"":false},{""company"":""Facebook"",""challenge_name"":""Best Overall Hack"",""won"":false},{""company"":""Technica"",""challenge_name"":""Best First Time Hack"",""won"":false}]",[]
ObjectId(5be8531e5e0ea41038a4f17b),D5,Money Technica,https://technica2018.devpost.com/submissions/105982-money-technica,"[{""company"":""Brightspot"",""challenge_name"":""Best Accessibility Hack"",""won"":true},{""company"":""Technica"",""challenge_name"":""Best \""Light the Way\"" Hack"",""won"":false},{""company"":""Facebook"",""challenge_name"":""Best Overall Hack"",""won"":false},{""company"":""FINRA"",""challenge_name"":""Best Money Management Hack"",""won"":true},{""company"":""Technica"",""challenge_name"":""Best First Time Hack"",""won"":false}]","[""FINRA_challenge20181111060124"",""Brightspot_challenge20181111060402""]"
ObjectId(5be8531e5e0ea41038a4f17c),E1,SmartSurfing,https://technica2018.devpost.com/submissions/106004-smartsurfing,"[{""company"":""Brightspot"",""challenge_name"":""Best Accessibility Hack"",""won"":false},{""company"":""Technica"",""challenge_name"":""Best \""Light the Way\"" Hack"",""won"":false},{""company"":""Ebay"",""challenge_name"":""Best Use of a Data Set"",""won"":false},{""company"":""Qualtrics"",""challenge_name"":""Best use of Data Visualization"",""won"":false},{""company"":""Facebook"",""challenge_name"":""Best Overall Hack"",""won"":false}]",[]
ObjectId(5be8531e5e0ea41038a4f17d),E2,Dayment,https://technica2018.devpost.com/submissions/106010-dayment,"[{""company"":""Capital One"",""challenge_name"":""Best Financial Hack"",""won"":false},{""company"":""Technica"",""challenge_name"":""Best \""Light the Way\"" Hack"",""won"":false},{""company"":""MLH"",""challenge_name"":""Best use of Google Cloud Platform"",""won"":false},{""company"":""Qualtrics"",""challenge_name"":""Best use of Data Visualization"",""won"":false},{""company"":""MLH"",""challenge_name"":""Best Social Good Hack"",""won"":false},{""company"":""Facebook"",""challenge_name"":""Best Overall Hack"",""won"":false},{""company"":""FINRA"",""challenge_name"":""Best Money Management Hack"",""won"":false},{""company"":""Technica"",""challenge_name"":""Best First Time Hack"",""won"":false}]",[]
ObjectId(5be8531e5e0ea41038a4f17e),E3,nextDorm,https://technica2018.devpost.com/submissions/106011-nextdorm,"[{""company"":""Brightspot"",""challenge_name"":""Best Accessibility Hack"",""won"":false},{""company"":""Technica"",""challenge_name"":""Best \""Light the Way\"" Hack"",""won"":false},{""company"":""Nextdoor"",""challenge_name"":""Best Hack for Community Building"",""won"":false},{""company"":""JP Morgan Chase"",""challenge_name"":""Best Hack for Social Good"",""won"":false},{""company"":""MLH"",""challenge_name"":""Best Social Good Hack"",""won"":false},{""company"":""AWS"",""challenge_name"":""Best AWS Hack"",""won"":false},{""company"":""Facebook"",""challenge_name"":""Best Overall Hack"",""won"":false}]",[]
ObjectId(5be8531e5e0ea41038a4f17f),E4,Wanderlust-360,https://technica2018.devpost.com/submissions/106020-wanderlust-360,"[{""company"":""TripAdvisor"",""challenge_name"":""Best Travel Hack"",""won"":false},{""company"":""Technica"",""challenge_name"":""Best \""Light the Way\"" Hack"",""won"":false},{""company"":""Ebay"",""challenge_name"":""Best Use of a Data Set"",""won"":false},{""company"":""Nextdoor"",""challenge_name"":""Best Hack for Community Building"",""won"":false},{""company"":""Facebook"",""challenge_name"":""Best Overall Hack"",""won"":false},{""company"":""Technica"",""challenge_name"":""Best First Time Hack"",""won"":false}]",[]
ObjectId(5be8531e5e0ea41038a4f180),E5,Mad Libs Superhero story,https://technica2018.devpost.com/submissions/106024-mad-libs-superhero-story,"[{""company"":""Technica"",""challenge_name"":""Best First Time Hack"",""won"":false}]",[]
ObjectId(5be8531e5e0ea41038a4f181),F1,Augmented Reality Tools to Learn a Foreign Language,https://technica2018.devpost.com/submissions/106025-augmented-reality-tools-to-learn-a-foreign-language,[],[]
ObjectId(5be8531e5e0ea41038a4f182),F2,Causality Analytics for Smart Manufacturing,https://technica2018.devpost.com/submissions/106028-causality-analytics-for-smart-manufacturing,[],[]
ObjectId(5be8531e5e0ea41038a4f183),A5,Domain Name,https://technica2018.devpost.com/submissions/106035-domain-name,[],[]
ObjectId(5be8531e5e0ea41038a4f184),F3,You Can STEM,https://technica2018.devpost.com/submissions/106038-you-can-stem,"[{""company"":""Technica"",""challenge_name"":""Best \""Light the Way\"" Hack"",""won"":false},{""company"":""JP Morgan Chase"",""challenge_name"":""Best Hack for Social Good"",""won"":false},{""company"":""MLH"",""challenge_name"":""Best Domain Registered with Domain.com"",""won"":false},{""company"":""MLH"",""challenge_name"":""Best Social Good Hack"",""won"":false},{""company"":""Technica"",""challenge_name"":""Best First Time Hack"",""won"":false}]",[]
ObjectId(5be8531e5e0ea41038a4f185),F4,GlobeLight,https://technica2018.devpost.com/submissions/106039-globelight,"[{""company"":""MLH"",""challenge_name"":""Best use of Google Cloud Platform"",""won"":false},{""company"":""Ebay"",""challenge_name"":""Best Use of a Data Set"",""won"":false},{""company"":""Qualtrics"",""challenge_name"":""Best use of Data Visualization"",""won"":false},{""company"":""Nextdoor"",""challenge_name"":""Best Hack for Community Building"",""won"":false}]",[]
ObjectId(5be8531e5e0ea41038a4f186),F5,techtheway,https://technica2018.devpost.com/submissions/106044-techtheway,"[{""company"":""JP Morgan Chase"",""challenge_name"":""Best Hack for Social Good"",""won"":false},{""company"":""Technica"",""challenge_name"":""Best First Time Hack"",""won"":false}]",[]
ObjectId(5be8531e5e0ea41038a4f187),G1,Journey42,https://technica2018.devpost.com/submissions/106045-journey42,"[{""company"":""TripAdvisor"",""challenge_name"":""Best Travel Hack"",""won"":false},{""company"":""Technica"",""challenge_name"":""Best \""Light the Way\"" Hack"",""won"":false},{""company"":""Nextdoor"",""challenge_name"":""Best Hack for Community Building"",""won"":false}]",[]
ObjectId(5be8531e5e0ea41038a4f188),G2,PreSafe,https://technica2018.devpost.com/submissions/106046-presafe,"[{""challenge_name"":""Best Hack for Social Good"",""company"":""JP Morgan Chase"",""won"":false},{""challenge_name"":""Best Social Good Hack"",""company"":""MLH"",""won"":false},{""challenge_name"":""Best First Time Hack"",""company"":""Technica"",""won"":false},{""challenge_name"":""Best Hack for Community Building"",""company"":""Nextdoor"",""won"":false}]",[]
ObjectId(5be8531e5e0ea41038a4f189),O1,FEMpower,https://technica2018.devpost.com/submissions/106061-fempower,"[{""challenge_name"":""Microservices !Monolith"",""company"":""General Dynamics"",""won"":false},{""challenge_name"":""Secure your hack with Usher API"",""company"":""MicroStrategy"",""won"":false},{""challenge_name"":""Solutions in the Palm of your Hand"",""company"":""Fannie Mae"",""won"":false},{""challenge_name"":""Best use of MicroStrategy"",""company"":""MicroStrategy"",""won"":false},{""challenge_name"":""Best Accessibility Hack"",""company"":""Brightspot"",""won"":false},{""challenge_name"":""Best \""Light the Way\"" Hack"",""company"":""Technica"",""won"":false},{""challenge_name"":""Best use of Google Cloud Platform"",""company"":""MLH"",""won"":false},{""challenge_name"":""Best Use of a Data Set"",""company"":""Ebay"",""won"":false},{""challenge_name"":""Best use of Data Visualization"",""company"":""Qualtrics"",""won"":false},{""challenge_name"":""Best Hack for Community Building"",""company"":""Nextdoor"",""won"":false},{""challenge_name"":""Best Hack for Social Good"",""company"":""JP Morgan Chase"",""won"":false},{""challenge_name"":""Best Domain Registered with Domain.com"",""company"":""MLH"",""won"":false},{""challenge_name"":""Best Social Good Hack"",""company"":""MLH"",""won"":false},{""challenge_name"":""Best Overall Hack"",""company"":""Facebook"",""won"":false},{""challenge_name"":""Best First Time Hack"",""company"":""Technica"",""won"":false}]",[]
ObjectId(5be8531e5e0ea41038a4f18a),G5,Technica2018,https://technica2018.devpost.com/submissions/106088-technica2018,"[{""company"":""MLH"",""challenge_name"":""Best Chat Bot using Botkit \u0026 Cisco Webex Teams"",""won"":false},{""company"":""Technica"",""challenge_name"":""Best First Time Hack"",""won"":false}]",[]
ObjectId(5be8531e5e0ea41038a4f18b),H2,tech-way,https://technica2018.devpost.com/submissions/106065-tech-way,"[{""company"":""Technica"",""challenge_name"":""Best \""Light the Way\"" Hack"",""won"":false},{""company"":""JP Morgan Chase"",""challenge_name"":""Best Hack for Social Good"",""won"":false},{""company"":""MLH"",""challenge_name"":""Best Domain Registered with Domain.com"",""won"":false},{""company"":""Facebook"",""challenge_name"":""Best Overall Hack"",""won"":false}]",[]
ObjectId(5be8531e5e0ea41038a4f18c),H3,TrueColors,https://technica2018.devpost.com/submissions/106066-truecolors,"[{""company"":""Brightspot"",""challenge_name"":""Best Accessibility Hack"",""won"":false},{""company"":""Technica"",""challenge_name"":""Best \""Light the Way\"" Hack"",""won"":false},{""company"":""Nextdoor"",""challenge_name"":""Best Hack for Community Building"",""won"":false},{""company"":""MLH"",""challenge_name"":""Best Social Good Hack"",""won"":false},{""company"":""Facebook"",""challenge_name"":""Best Overall Hack"",""won"":false},{""company"":""Technica"",""challenge_name"":""Best First Time Hack"",""won"":false}]",[]
ObjectId(5be8531e5e0ea41038a4f18d),H4,Paint Your Dreams,https://technica2018.devpost.com/submissions/106067-paint-your-dreams,"[{""company"":""Technica"",""challenge_name"":""Best \""Light the Way\"" Hack"",""won"":false},{""company"":""JP Morgan Chase"",""challenge_name"":""Best Hack for Social Good"",""won"":false},{""company"":""MLH"",""challenge_name"":""Best Social Good Hack"",""won"":false},{""company"":""Technica"",""challenge_name"":""Best First Time Hack"",""won"":false}]",[]
ObjectId(5be8531e5e0ea41038a4f18e),H5,Health Matters,https://technica2018.devpost.com/submissions/106068-health-matters,"[{""company"":""Brightspot"",""challenge_name"":""Best Accessibility Hack"",""won"":false},{""company"":""Technica"",""challenge_name"":""Best \""Light the Way\"" Hack"",""won"":false},{""company"":""Ebay"",""challenge_name"":""Best Use of a Data Set"",""won"":false},{""company"":""Qualtrics"",""challenge_name"":""Best use of Data Visualization"",""won"":false},{""company"":""Visionist"",""challenge_name"":""Health Matters"",""won"":false},{""company"":""Booz Allen Hamilton"",""challenge_name"":""Best use of Machine Learning"",""won"":false},{""company"":""JP Morgan Chase"",""challenge_name"":""Best Hack for Social Good"",""won"":false},{""company"":""MLH"",""challenge_name"":""Best Social Good Hack"",""won"":false},{""company"":""Facebook"",""challenge_name"":""Best Overall Hack"",""won"":false},{""company"":""Technica"",""challenge_name"":""Best First Time Hack"",""won"":false}]",[]
ObjectId(5be8531e5e0ea41038a4f18f),B2,arthritis-chrome-ext,https://technica2018.devpost.com/submissions/106070-arthritis-chrome-ext,[],[]
ObjectId(5be8531e5e0ea41038a4f190),I1,Make Your Own Bingo,https://technica2018.devpost.com/submissions/106078-make-your-own-bingo,"[{""company"":""Fannie Mae"",""challenge_name"":""Solutions in the Palm of your Hand"",""won"":false},{""company"":""Nextdoor"",""challenge_name"":""Best Hack for Community Building"",""won"":false},{""company"":""MLH"",""challenge_name"":""Best Social Good Hack"",""won"":false},{""company"":""Facebook"",""challenge_name"":""Best Overall Hack"",""won"":false}]",[]
ObjectId(5be8531e5e0ea41038a4f191),I2,Employee Database,https://technica2018.devpost.com/submissions/106084-employee-database,"[{""company"":""Brightspot"",""challenge_name"":""Best Accessibility Hack"",""won"":false},{""company"":""Technica"",""challenge_name"":""Best \""Light the Way\"" Hack"",""won"":false},{""company"":""Nextdoor"",""challenge_name"":""Best Hack for Community Building"",""won"":false},{""company"":""Facebook"",""challenge_name"":""Best Overall Hack"",""won"":false},{""company"":""Technica"",""challenge_name"":""Best First Time Hack"",""won"":false}]",[]
ObjectId(5be8531e5e0ea41038a4f192),I3,Crime Cookie,https://technica2018.devpost.com/submissions/106085-crime-cookie,"[{""company"":""Technica"",""challenge_name"":""Best \""Light the Way\"" Hack"",""won"":false},{""company"":""MLH"",""challenge_name"":""Best use of HERE.com"",""won"":true},{""company"":""Nextdoor"",""challenge_name"":""Best Hack for Community Building"",""won"":false},{""company"":""MLH"",""challenge_name"":""Best Domain Registered with Domain.com"",""won"":false},{""company"":""MLH"",""challenge_name"":""Best Social Good Hack"",""won"":false},{""company"":""Facebook"",""challenge_name"":""Best Overall Hack"",""won"":false},{""company"":""Technica"",""challenge_name"":""Best First Time Hack"",""won"":false}]","[""MLH_challenge20181111060553""]"
ObjectId(5be8531e5e0ea41038a4f193),I4,Find Restaurant,https://technica2018.devpost.com/submissions/106086-find-restaurant,"[{""company"":""TripAdvisor"",""challenge_name"":""Best Travel Hack"",""won"":false},{""company"":""MLH"",""challenge_name"":""Best use of Google Cloud Platform"",""won"":false},{""company"":""Nextdoor"",""challenge_name"":""Best Hack for Community Building"",""won"":false},{""company"":""Technica"",""challenge_name"":""Best First Time Hack"",""won"":false}]",[]
ObjectId(5be8531e5e0ea41038a4f194),I5,Fundz for Funz,https://technica2018.devpost.com/submissions/106087-fundz-for-funz,"[{""company"":""Capital One"",""challenge_name"":""Best Financial Hack"",""won"":true},{""company"":""Technica"",""challenge_name"":""Best \""Light the Way\"" Hack"",""won"":false},{""company"":""AWS"",""challenge_name"":""Best AWS Hack"",""won"":true},{""company"":""Facebook"",""challenge_name"":""Best Overall Hack"",""won"":false},{""company"":""FINRA"",""challenge_name"":""Best Money Management Hack"",""won"":false},{""company"":""Technica"",""challenge_name"":""Best First Time Hack"",""won"":false}]","[""AWS_challenge20181111060642"",""CapitalOne_challenge20181111060111""]"
ObjectId(5be8531e5e0ea41038a4f195),J1,MoneySaver,https://technica2018.devpost.com/submissions/106090-moneysaver,"[{""company"":""Capital One"",""challenge_name"":""Best Financial Hack"",""won"":false},{""company"":""JP Morgan Chase"",""challenge_name"":""Best Hack for Social Good"",""won"":false},{""company"":""MLH"",""challenge_name"":""Best Social Good Hack"",""won"":false},{""company"":""Facebook"",""challenge_name"":""Best Overall Hack"",""won"":false},{""company"":""FINRA"",""challenge_name"":""Best Money Management Hack"",""won"":false}]",[]
ObjectId(5be8531e5e0ea41038a4f196),J2,Career Survey,https://technica2018.devpost.com/submissions/106094-career-survey,"[{""company"":""Fannie Mae"",""challenge_name"":""Solutions in the Palm of your Hand"",""won"":false},{""company"":""Brightspot"",""challenge_name"":""Best Accessibility Hack"",""won"":false},{""company"":""Technica"",""challenge_name"":""Best \""Light the Way\"" Hack"",""won"":false},{""company"":""Ebay"",""challenge_name"":""Best Use of a Data Set"",""won"":false},{""company"":""Nextdoor"",""challenge_name"":""Best Hack for Community Building"",""won"":false},{""company"":""JP Morgan Chase"",""challenge_name"":""Best Hack for Social Good"",""won"":false},{""company"":""MLH"",""challenge_name"":""Best Social Good Hack"",""won"":false},{""company"":""Facebook"",""challenge_name"":""Best Overall Hack"",""won"":false},{""company"":""Technica"",""challenge_name"":""Best First Time Hack"",""won"":false}]",[]
ObjectId(5be8531e5e0ea41038a4f197),B3,bān mǎ,https://technica2018.devpost.com/submissions/106096-ban-m,[],[]
ObjectId(5be8531e5e0ea41038a4f198),J3,theSeatingChart,https://technica2018.devpost.com/submissions/106098-theseatingchart,"[{""company"":""TripAdvisor"",""challenge_name"":""Best Travel Hack"",""won"":false},{""company"":""Ebay"",""challenge_name"":""Best Use of a Data Set"",""won"":false},{""company"":""Qualtrics"",""challenge_name"":""Best use of Data Visualization"",""won"":false},{""company"":""Booz Allen Hamilton"",""challenge_name"":""Best use of Machine Learning"",""won"":false},{""company"":""Nextdoor"",""challenge_name"":""Best Hack for Community Building"",""won"":false},{""company"":""Technica"",""challenge_name"":""Best First Time Hack"",""won"":false}]",[]
ObjectId(5be8531e5e0ea41038a4f199),X3,"Emma, the STEM SuperHerO",https://technica2018.devpost.com/submissions/106101-emma-the-stem-superhero,"[{""challenge_name"":""Best \""Light the Way\"" Hack"",""company"":""Technica"",""won"":false},{""challenge_name"":""Best use of Google Cloud Platform"",""company"":""MLH"",""won"":false},{""challenge_name"":""Best Hack for Social Good"",""company"":""JP Morgan Chase"",""won"":false},{""challenge_name"":""Best Domain Registered with Domain.com"",""company"":""MLH"",""won"":false},{""challenge_name"":""Best Overall Hack"",""company"":""Facebook"",""won"":false},{""challenge_name"":""Best First Time Hack"",""company"":""Technica"",""won"":true}]","[""Technica_challenge20181111060421""]"
ObjectId(5be8531e5e0ea41038a4f19a),J5,Wise Mind,https://technica2018.devpost.com/submissions/106102-wise-mind,"[{""company"":""Fannie Mae"",""challenge_name"":""Solutions in the Palm of your Hand"",""won"":false},{""company"":""Technica"",""challenge_name"":""Best \""Light the Way\"" Hack"",""won"":false},{""company"":""Visionist"",""challenge_name"":""Health Matters"",""won"":false},{""company"":""JP Morgan Chase"",""challenge_name"":""Best Hack for Social Good"",""won"":false},{""company"":""MLH"",""challenge_name"":""Best Social Good Hack"",""won"":false},{""company"":""Facebook"",""challenge_name"":""Best Overall Hack"",""won"":false},{""company"":""Technica"",""challenge_name"":""Best First Time Hack"",""won"":false}]",[]
ObjectId(5be8531e5e0ea41038a4f19b),K1,Technica,https://technica2018.devpost.com/submissions/106107-technica,[],[]
ObjectId(5be8531e5e0ea41038a4f19c),K2,Kaffeine,https://technica2018.devpost.com/submissions/106108-kaffeine,"[{""company"":""Capital One"",""challenge_name"":""Best Financial Hack"",""won"":false},{""company"":""Facebook"",""challenge_name"":""Best Overall Hack"",""won"":false},{""company"":""FINRA"",""challenge_name"":""Best Money Management Hack"",""won"":false}]",[]
ObjectId(5be8531e5e0ea41038a4f19d),K3,STEM Trivia,https://technica2018.devpost.com/submissions/106114-stem-trivia,"[{""company"":""Qualcomm"",""challenge_name"":""Best use of DragonBoard 410c"",""won"":true},{""company"":""Facebook"",""challenge_name"":""Best Overall Hack"",""won"":false},{""company"":""Technica"",""challenge_name"":""Best First Time Hack"",""won"":false}]","[""Qualcomm_challenge20181111060740""]"
ObjectId(5be8531e5e0ea41038a4f19e),K4,Sleep Extension,https://technica2018.devpost.com/submissions/106118-sleep-extension,"[{""company"":""Technica"",""challenge_name"":""Best \""Light the Way\"" Hack"",""won"":false},{""company"":""JP Morgan Chase"",""challenge_name"":""Best Hack for Social Good"",""won"":false},{""company"":""Facebook"",""challenge_name"":""Best Overall Hack"",""won"":false},{""company"":""Technica"",""challenge_name"":""Best First Time Hack"",""won"":false}]",[]
ObjectId(5be8531e5e0ea41038a4f19f),K5,I am Me Project,https://technica2018.devpost.com/submissions/106119-i-am-me-project,"[{""company"":""TripAdvisor"",""challenge_name"":""Best Travel Hack"",""won"":false},{""company"":""Technica"",""challenge_name"":""Best \""Light the Way\"" Hack"",""won"":false},{""company"":""MLH"",""challenge_name"":""Best use of Google Cloud Platform"",""won"":false},{""company"":""Nextdoor"",""challenge_name"":""Best Hack for Community Building"",""won"":false},{""company"":""JP Morgan Chase"",""challenge_name"":""Best Hack for Social Good"",""won"":false},{""company"":""Facebook"",""challenge_name"":""Best Overall Hack"",""won"":false},{""company"":""Technica"",""challenge_name"":""Best First Time Hack"",""won"":false}]",[]
ObjectId(5be8531e5e0ea41038a4f1a0),O2,Odd Jobs,https://technica2018.devpost.com/submissions/106121-odd-jobs,"[{""company"":""Capital One"",""challenge_name"":""Best Financial Hack"",""won"":false},{""company"":""Technica"",""challenge_name"":""Best \""Light the Way\"" Hack"",""won"":false},{""company"":""MLH"",""challenge_name"":""Best use of Google Cloud Platform"",""won"":false},{""company"":""Nextdoor"",""challenge_name"":""Best Hack for Community Building"",""won"":false},{""company"":""MLH"",""challenge_name"":""Best Social Good Hack"",""won"":false},{""company"":""Facebook"",""challenge_name"":""Best Overall Hack"",""won"":false},{""company"":""Technica"",""challenge_name"":""Best First Time Hack"",""won"":false}]",[]
ObjectId(5be8531e5e0ea41038a4f1a1),O4,Period Tracker,https://technica2018.devpost.com/submissions/106122-period-tracker,"[{""company"":""Technica"",""challenge_name"":""Best \""Light the Way\"" Hack"",""won"":false},{""company"":""Visionist"",""challenge_name"":""Health Matters"",""won"":false},{""company"":""AWS"",""challenge_name"":""Best AWS Hack"",""won"":true},{""company"":""Facebook"",""challenge_name"":""Best Overall Hack"",""won"":false},{""company"":""Technica"",""challenge_name"":""Best First Time Hack"",""won"":false}]","[""AWS_challenge20181111060642""]"
ObjectId(5be8531e5e0ea41038a4f1a2),P2,STEMpower,https://technica2018.devpost.com/submissions/106123-stempower,"[{""company"":""Technica"",""challenge_name"":""Best \""Light the Way\"" Hack"",""won"":false},{""company"":""JP Morgan Chase"",""challenge_name"":""Best Hack for Social Good"",""won"":false},{""company"":""MLH"",""challenge_name"":""Best Domain Registered with Domain.com"",""won"":false},{""company"":""MLH"",""challenge_name"":""Best Social Good Hack"",""won"":false},{""company"":""Facebook"",""challenge_name"":""Best Overall Hack"",""won"":false},{""company"":""Technica"",""challenge_name"":""Best First Time Hack"",""won"":false}]",[]
ObjectId(5be8531e5e0ea41038a4f1a3),P3,Light the way with STEM,https://technica2018.devpost.com/submissions/106126-light-the-way-with-stem,"[{""company"":""Brightspot"",""challenge_name"":""Best Accessibility Hack"",""won"":false},{""company"":""Technica"",""challenge_name"":""Best \""Light the Way\"" Hack"",""won"":false},{""company"":""JP Morgan Chase"",""challenge_name"":""Best Hack for Social Good"",""won"":false},{""company"":""MLH"",""challenge_name"":""Best Domain Registered with Domain.com"",""won"":false},{""company"":""Facebook"",""challenge_name"":""Best Overall Hack"",""won"":false},{""company"":""Technica"",""challenge_name"":""Best First Time Hack"",""won"":false}]",[]
ObjectId(5be8531e5e0ea41038a4f1a4),P4,Pat Your Pet,https://technica2018.devpost.com/submissions/106127-pat-your-pet,"[{""company"":""MLH"",""challenge_name"":""Best use of Google Cloud Platform"",""won"":false},{""company"":""Qualtrics"",""challenge_name"":""Best use of Data Visualization"",""won"":false},{""company"":""Visionist"",""challenge_name"":""Health Matters"",""won"":false},{""company"":""JP Morgan Chase"",""challenge_name"":""Best Hack for Social Good"",""won"":false},{""company"":""MLH"",""challenge_name"":""Best Social Good Hack"",""won"":false},{""company"":""Technica"",""challenge_name"":""Best First Time Hack"",""won"":false}]",[]
ObjectId(5be8531e5e0ea41038a4f1a5),P5,Common Cents,https://technica2018.devpost.com/submissions/106129-common-cents,"[{""company"":""MicroStrategy"",""challenge_name"":""Best use of MicroStrategy"",""won"":false},{""company"":""Capital One"",""challenge_name"":""Best Financial Hack"",""won"":false},{""company"":""FINRA"",""challenge_name"":""Best Money Management Hack"",""won"":false},{""company"":""Technica"",""challenge_name"":""Best First Time Hack"",""won"":false}]",[]
ObjectId(5be8531e5e0ea41038a4f1a6),Q1,Educating Women in STEM,https://technica2018.devpost.com/submissions/106133-educating-women-in-stem,"[{""company"":""MicroStrategy"",""challenge_name"":""Best use of MicroStrategy"",""won"":true},{""company"":""Technica"",""challenge_name"":""Best \""Light the Way\"" Hack"",""won"":false},{""company"":""Ebay"",""challenge_name"":""Best Use of a Data Set"",""won"":false},{""company"":""Qualtrics"",""challenge_name"":""Best use of Data Visualization"",""won"":false},{""company"":""JP Morgan Chase"",""challenge_name"":""Best Hack for Social Good"",""won"":false},{""company"":""MLH"",""challenge_name"":""Best Social Good Hack"",""won"":false},{""company"":""Facebook"",""challenge_name"":""Best Overall Hack"",""won"":false},{""company"":""Technica"",""challenge_name"":""Best First Time Hack"",""won"":false}]","[""MicroStrategy_challenge20181111060237""]"
ObjectId(5be8531e5e0ea41038a4f1a7),Q2,Womaze,https://technica2018.devpost.com/submissions/106135-womaze,"[{""company"":""Technica"",""challenge_name"":""Best \""Light the Way\"" Hack"",""won"":false},{""company"":""Nextdoor"",""challenge_name"":""Best Hack for Community Building"",""won"":false},{""company"":""JP Morgan Chase"",""challenge_name"":""Best Hack for Social Good"",""won"":false},{""company"":""MLH"",""challenge_name"":""Best Social Good Hack"",""won"":false},{""company"":""Technica"",""challenge_name"":""Best First Time Hack"",""won"":false}]",[]
ObjectId(5be8531e5e0ea41038a4f1a8),Q3,Mythonancial,https://technica2018.devpost.com/submissions/106138-mythonancial,"[{""company"":""MicroStrategy"",""challenge_name"":""Best use of MicroStrategy"",""won"":false},{""company"":""Capital One"",""challenge_name"":""Best Financial Hack"",""won"":false},{""company"":""Technica"",""challenge_name"":""Best \""Light the Way\"" Hack"",""won"":false},{""company"":""Ebay"",""challenge_name"":""Best Use of a Data Set"",""won"":false},{""company"":""MLH"",""challenge_name"":""Best Domain Registered with Domain.com"",""won"":true},{""company"":""FINRA"",""challenge_name"":""Best Money Management Hack"",""won"":true}]","[""FINRA_challenge20181111060124"",""MLH_challenge20181111060547""]"
ObjectId(5be8531e5e0ea41038a4f1a9),X3,Dragonboard Media player,https://technica2018.devpost.com/submissions/106139-dragonboard-media-player,"[{""challenge_name"":""Best use of DragonBoard 410c"",""company"":""Qualcomm"",""won"":true}]","[""Qualcomm_challenge20181111060740""]"
ObjectId(5be8531e5e0ea41038a4f1aa),Q4,tour-ward,https://technica2018.devpost.com/submissions/106141-tour-ward,"[{""company"":""Brightspot"",""challenge_name"":""Best Accessibility Hack"",""won"":false},{""company"":""TripAdvisor"",""challenge_name"":""Best Travel Hack"",""won"":true},{""company"":""Technica"",""challenge_name"":""Best \""Light the Way\"" Hack"",""won"":false},{""company"":""Ebay"",""challenge_name"":""Best Use of a Data Set"",""won"":false},{""company"":""Nextdoor"",""challenge_name"":""Best Hack for Community Building"",""won"":false},{""company"":""MLH"",""challenge_name"":""Best Social Good Hack"",""won"":false},{""company"":""Facebook"",""challenge_name"":""Best Overall Hack"",""won"":false}]","[""TripAdvisor_challenge20181111055751""]"
ObjectId(5be8531e5e0ea41038a4f1ab),Q5,YourFinance™,https://technica2018.devpost.com/submissions/106142-yourfinance,"[{""company"":""FINRA"",""challenge_name"":""Best Money Management Hack"",""won"":false}]",[]
ObjectId(5be8531e5e0ea41038a4f1ac),R1,i am me chat bot,https://technica2018.devpost.com/submissions/106144-i-am-me-chat-bot,"[{""company"":""MLH"",""challenge_name"":""Best Chat Bot using Botkit \u0026 Cisco Webex Teams"",""won"":false}]",[]
ObjectId(5be8531e5e0ea41038a4f1ad),R2,Candy Coded,https://technica2018.devpost.com/submissions/106147-candy-coded,"[{""company"":""Technica"",""challenge_name"":""Best \""Light the Way\"" Hack"",""won"":false},{""company"":""JP Morgan Chase"",""challenge_name"":""Best Hack for Social Good"",""won"":true},{""company"":""Facebook"",""challenge_name"":""Best Overall Hack"",""won"":false},{""company"":""Technica"",""challenge_name"":""Best First Time Hack"",""won"":false}]","[""JPMorganChase_challenge20181111060316""]"
ObjectId(5be8531e5e0ea41038a4f1ae),R3,ELS,https://technica2018.devpost.com/submissions/106148-els,"[{""company"":""JP Morgan Chase"",""challenge_name"":""Best Hack for Social Good"",""won"":false}]",[]
ObjectId(5be8531e5e0ea41038a4f1af),R4,GoAid,https://technica2018.devpost.com/submissions/106149-goaid,"[{""company"":""Technica"",""challenge_name"":""Best \""Light the Way\"" Hack"",""won"":false},{""company"":""MLH"",""challenge_name"":""Best use of HERE.com"",""won"":false},{""company"":""Nextdoor"",""challenge_name"":""Best Hack for Community Building"",""won"":false},{""company"":""JP Morgan Chase"",""challenge_name"":""Best Hack for Social Good"",""won"":false},{""company"":""MLH"",""challenge_name"":""Best Social Good Hack"",""won"":false},{""company"":""Facebook"",""challenge_name"":""Best Overall Hack"",""won"":false}]",[]
ObjectId(5be8531e5e0ea41038a4f1b0),R5,Visualization for Impact,https://technica2018.devpost.com/submissions/106150-visualization-for-impact,"[{""company"":""MicroStrategy"",""challenge_name"":""Best use of MicroStrategy"",""won"":false},{""company"":""Qualtrics"",""challenge_name"":""Best use of Data Visualization"",""won"":false},{""company"":""Technica"",""challenge_name"":""Best First Time Hack"",""won"":false}]",[]
ObjectId(5be8531e5e0ea41038a4f1b1),S1,#talkpay,https://technica2018.devpost.com/submissions/106151-talkpay,"[{""company"":""Brightspot"",""challenge_name"":""Best Accessibility Hack"",""won"":false},{""company"":""Capital One"",""challenge_name"":""Best Financial Hack"",""won"":false},{""company"":""Technica"",""challenge_name"":""Best \""Light the Way\"" Hack"",""won"":false},{""company"":""Ebay"",""challenge_name"":""Best Use of a Data Set"",""won"":false},{""company"":""Nextdoor"",""challenge_name"":""Best Hack for Community Building"",""won"":false},{""company"":""JP Morgan Chase"",""challenge_name"":""Best Hack for Social Good"",""won"":false},{""company"":""MLH"",""challenge_name"":""Best Social Good Hack"",""won"":false},{""company"":""AWS"",""challenge_name"":""Best AWS Hack"",""won"":true},{""company"":""Facebook"",""challenge_name"":""Best Overall Hack"",""won"":false},{""company"":""Technica"",""challenge_name"":""Best First Time Hack"",""won"":false}]","[""AWS_challenge20181111060642""]"
ObjectId(5be8531e5e0ea41038a4f1b2),S2,Finance Organizer,https://technica2018.devpost.com/submissions/106154-finance-organizer,"[{""challenge_name"":""Best Use of Authorize.net"",""company"":""MLH"",""won"":false},{""challenge_name"":""Best First Time Hack"",""company"":""Technica"",""won"":false},{""challenge_name"":""Best \""Light the Way\"" Hack"",""company"":""Technica"",""won"":false}]",[]
ObjectId(5be8531e5e0ea41038a4f1b3),S3,Travel Quiz,https://technica2018.devpost.com/submissions/106155-travel-quiz,"[{""company"":""TripAdvisor"",""challenge_name"":""Best Travel Hack"",""won"":false},{""company"":""Booz Allen Hamilton"",""challenge_name"":""Best use of Machine Learning"",""won"":false},{""company"":""Technica"",""challenge_name"":""Best First Time Hack"",""won"":false}]",[]
ObjectId(5be8531e5e0ea41038a4f1b4),S4,LightHER,https://technica2018.devpost.com/submissions/106160-lighther,"[{""company"":""Technica"",""challenge_name"":""Best \""Light the Way\"" Hack"",""won"":false},{""company"":""Nextdoor"",""challenge_name"":""Best Hack for Community Building"",""won"":false},{""company"":""JP Morgan Chase"",""challenge_name"":""Best Hack for Social Good"",""won"":false},{""company"":""MLH"",""challenge_name"":""Best Social Good Hack"",""won"":false},{""company"":""Facebook"",""challenge_name"":""Best Overall Hack"",""won"":false},{""company"":""Technica"",""challenge_name"":""Best First Time Hack"",""won"":false}]",[]
ObjectId(5be8531e5e0ea41038a4f1b5),S5,Chro·map·tic,https://technica2018.devpost.com/submissions/106162-chro-map-tic,"[{""company"":""Brightspot"",""challenge_name"":""Best Accessibility Hack"",""won"":false},{""company"":""MLH"",""challenge_name"":""Best use of Clarifai's API"",""won"":false},{""company"":""TripAdvisor"",""challenge_name"":""Best Travel Hack"",""won"":false},{""company"":""Altamira"",""challenge_name"":""Best Computer Vision / AI System"",""won"":true},{""company"":""Technica"",""challenge_name"":""Best \""Light the Way\"" Hack"",""won"":false},{""company"":""Ebay"",""challenge_name"":""Best Use of a Data Set"",""won"":false},{""company"":""Qualtrics"",""challenge_name"":""Best use of Data Visualization"",""won"":false},{""company"":""Booz Allen Hamilton"",""challenge_name"":""Best use of Machine Learning"",""won"":false},{""company"":""Nextdoor"",""challenge_name"":""Best Hack for Community Building"",""won"":false},{""company"":""JP Morgan Chase"",""challenge_name"":""Best Hack for Social Good"",""won"":false},{""company"":""MLH"",""challenge_name"":""Best Social Good Hack"",""won"":false},{""company"":""Facebook"",""challenge_name"":""Best Overall Hack"",""won"":false},{""company"":""Technica"",""challenge_name"":""Best First Time Hack"",""won"":false}]","[""Altamira_challenge20181111055720""]"
ObjectId(5be8531e5e0ea41038a4f1b6),T1,Mental Health Website,https://technica2018.devpost.com/submissions/106163-mental-health-website,"[{""company"":""Technica"",""challenge_name"":""Best First Time Hack"",""won"":false}]",[]
ObjectId(5be8531e5e0ea41038a4f1b7),T2,ClubHub,https://technica2018.devpost.com/submissions/106164-clubhub,"[{""company"":""Technica"",""challenge_name"":""Best \""Light the Way\"" Hack"",""won"":false},{""company"":""Nextdoor"",""challenge_name"":""Best Hack for Community Building"",""won"":false},{""company"":""Technica"",""challenge_name"":""Best First Time Hack"",""won"":false}]",[]
ObjectId(5be8531e5e0ea41038a4f1b8),T3,Kidvest,https://technica2018.devpost.com/submissions/106165-kidvest,"[{""company"":""MLH"",""challenge_name"":""Best Domain Registered with Domain.com"",""won"":false},{""company"":""MLH"",""challenge_name"":""Best Social Good Hack"",""won"":false},{""company"":""FINRA"",""challenge_name"":""Best Money Management Hack"",""won"":false}]",[]
ObjectId(5be8531e5e0ea41038a4f1b9),G4,The Nifty Shoe,https://technica2018.devpost.com/submissions/106167-the-nifty-shoe,"[{""challenge_name"":""Best \""Light the Way\"" Hack"",""company"":""Technica"",""won"":true},{""challenge_name"":""Best Hack for Social Good"",""company"":""JP Morgan Chase"",""won"":false},{""challenge_name"":""Best use of Data Visualization"",""company"":""Qualtrics"",""won"":false},{""challenge_name"":""Best Overall Hack"",""company"":""Facebook"",""won"":false},{""challenge_name"":""Best Social Good Hack"",""company"":""MLH"",""won"":false},{""challenge_name"":""Best Travel Hack"",""company"":""TripAdvisor"",""won"":false},{""challenge_name"":""Best Financial Hack"",""company"":""Capital One"",""won"":false}]","[""Technica_challenge20181111060433""]"
ObjectId(5be8531e5e0ea41038a4f1ba),T4,PairShare,https://technica2018.devpost.com/submissions/106168-pairshare,"[{""company"":""Technica"",""challenge_name"":""Best \""Light the Way\"" Hack"",""won"":false},{""company"":""Nextdoor"",""challenge_name"":""Best Hack for Community Building"",""won"":false},{""company"":""JP Morgan Chase"",""challenge_name"":""Best Hack for Social Good"",""won"":false},{""company"":""MLH"",""challenge_name"":""Best Social Good Hack"",""won"":false},{""company"":""Technica"",""challenge_name"":""Best First Time Hack"",""won"":false}]",[]
ObjectId(5be8531e5e0ea41038a4f1bb),U1,Paws and Found,https://technica2018.devpost.com/submissions/106170-paws-and-found,"[{""company"":""MLH"",""challenge_name"":""Best Social Good Hack"",""won"":false},{""company"":""Technica"",""challenge_name"":""Best First Time Hack"",""won"":false}]",[]
ObjectId(5be8531e5e0ea41038a4f1bc),U2,CommunityCarpool,https://technica2018.devpost.com/submissions/106171-communitycarpool,"[{""company"":""Nextdoor"",""challenge_name"":""Best Hack for Community Building"",""won"":false}]",[]
ObjectId(5be8531e5e0ea41038a4f1bd),U3,STEMinine,https://technica2018.devpost.com/submissions/106172-steminine,"[{""company"":""Technica"",""challenge_name"":""Best \""Light the Way\"" Hack"",""won"":false},{""company"":""JP Morgan Chase"",""challenge_name"":""Best Hack for Social Good"",""won"":false},{""company"":""MLH"",""challenge_name"":""Best Domain Registered with Domain.com"",""won"":false},{""company"":""MLH"",""challenge_name"":""Best Social Good Hack"",""won"":false},{""company"":""Facebook"",""challenge_name"":""Best Overall Hack"",""won"":false},{""company"":""Technica"",""challenge_name"":""Best First Time Hack"",""won"":false}]",[]
ObjectId(5be8531e5e0ea41038a4f1be),U4,ECO_LIT,https://technica2018.devpost.com/submissions/106174-eco_lit,"[{""company"":""MLH"",""challenge_name"":""Best Social Good Hack"",""won"":false},{""company"":""Facebook"",""challenge_name"":""Best Overall Hack"",""won"":false},{""company"":""Technica"",""challenge_name"":""Best First Time Hack"",""won"":false}]",[]
ObjectId(5be8531e5e0ea41038a4f1bf),U5,Financial Awareness,https://technica2018.devpost.com/submissions/106175-financial-awareness,"[{""company"":""Capital One"",""challenge_name"":""Best Financial Hack"",""won"":false},{""company"":""Technica"",""challenge_name"":""Best First Time Hack"",""won"":false}]",[]
ObjectId(5be8531e5e0ea41038a4f1c0),V2,"Women in STEM, Then and Now",https://technica2018.devpost.com/submissions/106176-women-in-stem-then-and-now,"[{""company"":""JP Morgan Chase"",""challenge_name"":""Best Hack for Social Good"",""won"":false},{""company"":""Technica"",""challenge_name"":""Best First Time Hack"",""won"":false}]",[]
ObjectId(5be8531e5e0ea41038a4f1c1),V3,Nori,https://technica2018.devpost.com/submissions/106177-nori,"[{""company"":""Visionist"",""challenge_name"":""Health Matters"",""won"":false},{""company"":""Technica"",""challenge_name"":""Best First Time Hack"",""won"":false}]",[]
ObjectId(5be8531e5e0ea41038a4f1c2),V4,Pack-It List,https://technica2018.devpost.com/submissions/106178-pack-it-list,"[{""company"":""TripAdvisor"",""challenge_name"":""Best Travel Hack"",""won"":false}]",[]
ObjectId(5be8531e5e0ea41038a4f1c3),V5,TechnicaBently2018,https://technica2018.devpost.com/submissions/106179-technicabently2018,"[{""company"":""Altamira"",""challenge_name"":""Best Computer Vision / AI System"",""won"":false},{""company"":""Technica"",""challenge_name"":""Best \""Light the Way\"" Hack"",""won"":false},{""company"":""MLH"",""challenge_name"":""Best use of Google Cloud Platform"",""won"":false},{""company"":""Booz Allen Hamilton"",""challenge_name"":""Best use of Machine Learning"",""won"":false},{""company"":""Nextdoor"",""challenge_name"":""Best Hack for Community Building"",""won"":false},{""company"":""JP Morgan Chase"",""challenge_name"":""Best Hack for Social Good"",""won"":false},{""company"":""MLH"",""challenge_name"":""Best Social Good Hack"",""won"":false},{""company"":""Facebook"",""challenge_name"":""Best Overall Hack"",""won"":false},{""company"":""Technica"",""challenge_name"":""Best First Time Hack"",""won"":false}]",[]
ObjectId(5be8531e5e0ea41038a4f1c4),T5,Guess The Number!,https://technica2018.devpost.com/submissions/106185-guess-the-number,[],[]
ObjectId(5be8531e5e0ea41038a4f1c5),W1,toys for joy,https://technica2018.devpost.com/submissions/106192-toys-for-joy,"[{""company"":""Ebay"",""challenge_name"":""Best Use of a Data Set"",""won"":false},{""company"":""Qualtrics"",""challenge_name"":""Best use of Data Visualization"",""won"":false},{""company"":""MLH"",""challenge_name"":""Best use of HERE.com"",""won"":false},{""company"":""Visionist"",""challenge_name"":""Health Matters"",""won"":false},{""company"":""Nextdoor"",""challenge_name"":""Best Hack for Community Building"",""won"":false},{""company"":""MLH"",""challenge_name"":""Best Social Good Hack"",""won"":false},{""company"":""Facebook"",""challenge_name"":""Best Overall Hack"",""won"":false}]",[]
ObjectId(5be8531e5e0ea41038a4f1c6),W2,Digital Therapist,https://technica2018.devpost.com/submissions/106193-digital-therapist,"[{""company"":""Visionist"",""challenge_name"":""Health Matters"",""won"":false},{""company"":""Booz Allen Hamilton"",""challenge_name"":""Best use of Machine Learning"",""won"":false},{""company"":""Nextdoor"",""challenge_name"":""Best Hack for Community Building"",""won"":false},{""company"":""JP Morgan Chase"",""challenge_name"":""Best Hack for Social Good"",""won"":false},{""company"":""MLH"",""challenge_name"":""Best Chat Bot using Botkit \u0026 Cisco Webex Teams"",""won"":false},{""company"":""MLH"",""challenge_name"":""Best Domain Registered with Domain.com"",""won"":true},{""company"":""MLH"",""challenge_name"":""Best Social Good Hack"",""won"":false},{""company"":""Facebook"",""challenge_name"":""Best Overall Hack"",""won"":false},{""company"":""Technica"",""challenge_name"":""Best First Time Hack"",""won"":false}]","[""MLH_challenge20181111060547""]"
ObjectId(5be8531e5e0ea41038a4f1c7),W3,Remember,https://technica2018.devpost.com/submissions/106195-remember,"[{""company"":""AWS"",""challenge_name"":""Best AWS Hack"",""won"":false}]",[]
ObjectId(5be8531e5e0ea41038a4f1c8),W4,Girl Talk,https://technica2018.devpost.com/submissions/106197-girl-talk,[],[]
ObjectId(5be8531e5e0ea41038a4f1c9),W5,Are You Financially Responsible (Technica Project),https://technica2018.devpost.com/submissions/106199-are-you-financially-responsible-technica-project,"[{""company"":""Facebook"",""challenge_name"":""Best Overall Hack"",""won"":false},{""company"":""FINRA"",""challenge_name"":""Best Money Management Hack"",""won"":false},{""company"":""Technica"",""challenge_name"":""Best First Time Hack"",""won"":false}]",[]
ObjectId(5be8531e5e0ea41038a4f1ca),X1,A date With Lisa,https://technica2018.devpost.com/submissions/106210-a-date-with-lisa,"[{""company"":""Technica"",""challenge_name"":""Best First Time Hack"",""won"":false}]",[]
ObjectId(5be8531e5e0ea41038a4f1cb),X2,Hack Inclusive,https://technica2018.devpost.com/submissions/106212-hack-inclusive,"[{""company"":""Brightspot"",""challenge_name"":""Best Accessibility Hack"",""won"":false},{""company"":""Facebook"",""challenge_name"":""Best Overall Hack"",""won"":false},{""company"":""Nextdoor"",""challenge_name"":""Best Hack for Community Building"",""won"":false},{""company"":""JP Morgan Chase"",""challenge_name"":""Best Hack for Social Good"",""won"":false},{""company"":""Technica"",""challenge_name"":""Best \""Light the Way\"" Hack"",""won"":false},{""company"":""MLH"",""challenge_name"":""Best Social Good Hack"",""won"":false}]",[]
ObjectId(5be8531e5e0ea41038a4f1cc),X4,Neuron,https://technica2018.devpost.com/submissions/106216-neuron,"[{""company"":""General Dynamics"",""challenge_name"":""Microservices !Monolith"",""won"":false},{""company"":""Fannie Mae"",""challenge_name"":""Solutions in the Palm of your Hand"",""won"":false},{""company"":""Brightspot"",""challenge_name"":""Best Accessibility Hack"",""won"":false},{""company"":""Visionist"",""challenge_name"":""Health Matters"",""won"":false},{""company"":""Facebook"",""challenge_name"":""Best Overall Hack"",""won"":false},{""company"":""Nextdoor"",""challenge_name"":""Best Hack for Community Building"",""won"":true},{""company"":""JP Morgan Chase"",""challenge_name"":""Best Hack for Social Good"",""won"":false},{""company"":""Technica"",""challenge_name"":""Best First Time Hack"",""won"":false},{""company"":""Technica"",""challenge_name"":""Best \""Light the Way\"" Hack"",""won"":false},{""company"":""MLH"",""challenge_name"":""Best Social Good Hack"",""won"":false}]","[""Nextdoor_challenge20181111055924""]"
ObjectId(5be8531e5e0ea41038a4f1cd),X5,Data set for ML of Opioid Data,https://technica2018.devpost.com/submissions/106217-data-set-for-ml-of-opioid-data,"[{""company"":""Visionist"",""challenge_name"":""Health Matters"",""won"":false},{""company"":""Ebay"",""challenge_name"":""Best Use of a Data Set"",""won"":false}]",[]
ObjectId(5be8531e5e0ea41038a4f1ce),Y1,Who Runs the World?,https://technica2018.devpost.com/submissions/106219-who-runs-the-world,"[{""company"":""Facebook"",""challenge_name"":""Best Overall Hack"",""won"":false},{""company"":""JP Morgan Chase"",""challenge_name"":""Best Hack for Social Good"",""won"":false},{""company"":""Technica"",""challenge_name"":""Best First Time Hack"",""won"":false},{""company"":""MLH"",""challenge_name"":""Best Social Good Hack"",""won"":false}]",[]
ObjectId(5be8531e5e0ea41038a4f1cf),Y2,Alto - Bringing Communities Together,https://technica2018.devpost.com/submissions/106220-alto-bringing-communities-together,"[{""challenge_name"":""Best Hack for Community Building"",""company"":""Nextdoor"",""won"":false},{""challenge_name"":""Best First Time Hack"",""company"":""Technica"",""won"":false},{""challenge_name"":""Best Hack for Social Good"",""company"":""JP Morgan Chase"",""won"":false}]",[]
ObjectId(5be8531e5e0ea41038a4f1d0),Y3,Why She Codes,https://technica2018.devpost.com/submissions/106237-why-she-codes,"[{""company"":""Ebay"",""challenge_name"":""Best Use of a Data Set"",""won"":false},{""company"":""Facebook"",""challenge_name"":""Best Overall Hack"",""won"":false},{""company"":""Qualtrics"",""challenge_name"":""Best use of Data Visualization"",""won"":false},{""company"":""Nextdoor"",""challenge_name"":""Best Hack for Community Building"",""won"":false},{""company"":""JP Morgan Chase"",""challenge_name"":""Best Hack for Social Good"",""won"":false},{""company"":""Technica"",""challenge_name"":""Best First Time Hack"",""won"":false},{""company"":""Technica"",""challenge_name"":""Best \""Light the Way\"" Hack"",""won"":false},{""company"":""MLH"",""challenge_name"":""Best Social Good Hack"",""won"":false}]",[]
ObjectId(5be8531e5e0ea41038a4f1d1),Y4,Dark Roads (Light The Way Edition),https://technica2018.devpost.com/submissions/106240-dark-roads-light-the-way-edition,[],[]
ObjectId(5be85d9a5e0ea41038a4f1d3),J4,Hour of Code Game by The STEM Impressionists (SIP),https://technica2018.devpost.com/submissions/106259-hour-of-code-game-by-the-stem-impressionists-sip,"[{""challenge_name"":""Best Hack for Social Good"",""company"":""JP Morgan Chase"",""won"":false},{""challenge_name"":""Best Social Good Hack"",""company"":""MLH"",""won"":false}]",[]
ObjectId(5be85e895e0ea41038a4f1d4),L5,Technica2018,https://technica2018.devpost.com/submissions/106062-technica2018,"[{""challenge_name"":""Best \""Light the Way\"" Hack"",""company"":""Technica"",""won"":false},{""challenge_name"":""Best Hack for Social Good"",""company"":""JP Morgan Chase"",""won"":false},{""challenge_name"":""Best Social Good Hack"",""company"":""MLH"",""won"":false},{""challenge_name"":""Best Money Management Hack"",""company"":""FINRA"",""won"":false},{""challenge_name"":""Best First Time Hack"",""company"":""Technica"",""won"":false}]",[]
ObjectId(5be85ef25e0ea41038a4f1d5),L4,Wakey Wakey,https://devpost.com/software/wakey-wakey-asdrix,"[{""challenge_name"":""Best \""Light the Way\"" Hack"",""company"":""Technica"",""won"":false},{""challenge_name"":""Best First Time Hack"",""company"":""Technica"",""won"":false},{""challenge_name"":""Best Social Good Hack"",""company"":""MLH"",""won"":false},{""challenge_name"":""Best Overall Hack"",""company"":""Facebook"",""won"":false},{""challenge_name"":""Best Use of a Data Set"",""company"":""Ebay"",""won"":false},{""challenge_name"":""Health Matters"",""company"":""Visionist"",""won"":false},{""challenge_name"":""Solutions in the Palm of your Hand"",""company"":""Fannie Mae"",""won"":false}]",[]
ObjectId(5be85f9a5e0ea41038a4f1d6),L2,Trivia by Priya and Divya,https://technica2018.devpost.com/submissions/106260-trivia-by-priya-and-divya,"[{""challenge_name"":""Best First Time Hack"",""company"":""Technica"",""won"":false}]",[]
ObjectId(5be85fb15e0ea41038a4f1d7),L3,Finra,https://devpost.com/software/technica-ismon0,"[{""challenge_name"":""Best Money Management Hack"",""company"":""FINRA"",""won"":false},{""challenge_name"":""Best Financial Hack"",""company"":""Capital One"",""won"":false},{""challenge_name"":""Best First Time Hack"",""company"":""Technica"",""won"":false},{""challenge_name"":""Best Overall Hack"",""company"":""Facebook"",""won"":false}]",[]
ObjectId(5be8709e5e0ea41038a4f1d8),Y5,SnakeGame,--,"[{""challenge_name"":""Best use of DragonBoard 410c"",""company"":""Qualcomm"",""won"":false}]","[""Qualcomm_challenge20181111060740""]"
